ID,First Name,Last Name,Phone,LTV
4.576,Sophia,Walker,602-310-9331,"0,47"
9.488,Evelyn,Harris,171-363-6978,"0,36"
7.265,Lucas,Foster,139-658-8905,"0,43"
8.555,Elijah,Jones,538-241-9868,"0,35"
7.023,Mason,Taylor,937-595-5837,"0,31"
3.412,Gabriel,Harris,821-585-8990,"0,41"
8.225,Daniel,Wallace,434-144-2215,"0,43"
8.699,Victoria,Perry,295-543-5452,"0,17"
3.328,Samuel,Martinez,573-597-7252,"0,47"
9.460,Andrew,Perry,870-961-7105,"0,12"
2.452,Ava,Mitchell,677-742-5739,"0,25"
5.094,Joseph,Smith,785-583-7448,"0,10"
2.068,Sofia,Alexander,676-675-3583,"0,27"
5.425,Noah,Alexander,452-664-5404,"0,15"
3.077,Elizabeth,Simmons,632-552-1332,"0,48"
9.593,Logan,Wallace,480-894-8885,"0,24"
4.880,Evelyn,Wallace,470-387-1141,"0,22"
4.497,Joseph,Miller,764-258-2121,"0,35"
7.001,Lucas,Walker,179-216-8788,"0,80"
1.090,Matthew,Johnson,693-494-3915,"0,43"
8.681,Logan,Garcia,926-185-8311,"0,66"
1.235,Evelyn,Taylor,136-380-8351,"0,20"
3.928,Evelyn,Brown,711-524-1294,"0,39"
7.796,Chloe,Brown,470-387-1556,"0,42"
8.322,Olivia,Lewis,303-701-1709,"0,95"
1.219,Chloe,Taylor,738-644-1923,"0,83"
1.407,Amelia,Parker,558-644-1923,"0,41"
8.217,Oliver,Garcia,539-506-1276,"0,39"
7.806,Oliver,Martinez,303-701-1966,"0,35"
6.949,James,Brown,154-725-7274,"0,33"
6.506,Emma,Watson,230-569-5755,"0,13"
2.549,Emily,Harris,120-569-5755,"0,49"
9.774,Samuel,Brown,241-516-3052,"0,95"
6.181,Chloe,Morales,947-469-3576,"0,32"
6.359,Grace,Hernandez,806-853-4805,"0,15"
2.903,Evelyn,Jones,919-550-2537,"0,19"
3.718,Olivia,Smith,744-101-7533,"0,35"
7.062,Chloe,Bailey,360-301-9881,"0,25"
5.081,Grace,Ramirez,821-939-9428,"0,41"
8.119,Oliver,Alexander,194-804-6491,"0,19"
3.731,Matthew,Garcia,964-817-4113,"0,42"
8.485,Madison,Martinez,888-713-1906,"0,41"
8.292,Daniel,Garcia,507-312-5844,"0,13"
2.637,Oliver,Griffin,721-704-6434,"0,27"
5.403,Elijah,Griffin,749-765-4950,"0,42"
8.350,Gabriel,Russell,874-802-4369,"0,12"
2.434,Andrew,Thomas,856-675-5033,"0,11"
2.217,Mia,Powell,645-644-9772,"0,75"
1.135,Sofia,Thomas,645563-9772,"0,23"
4.628,Emma,Brown,878-494-8953,"0,38"
7.562,Elizabeth,Bailey,668-480-8987,"0,46"
9.122,Evelyn,Moore,413-483-2006,"0,37"
7.409,Olivia,Morales,518-953-8154,"0,20"
3.922,Benjamin,Smith,821-718-6210,"0,73"
1.129,Noah,Parker,818-830-3242,"0,38"
7.687,Avery,Griffin,164-774-3876,"0,25"
5.061,Michael,Watson,233-842-9555,"0,12"
2.396,Benjamin,Hall,702-493-6243,"0,18"
3.687,Emily,Griffin,520-360-7046,"0,34"
6.833,Charlotte,Bryant,690-682-8735,"0,65"
1.109,Elijah,Perry,537-119-4498,"0,31"
6.251,Sophia,Bailey,846-512-5905,"0,22"
4.440,Liam,Johnson,765-459-7558,"0,45"
9.092,Aiden,Simmons,593-704-5158,"0,27"
5.490,Madison,Griffin,524-270-5671,"0,15"
3.033,Henry,Russell,111-574-8474,"0,12"
2.400,Emma,Bryant,743-754-6655,"0,09"
1.854,Mason,Young,525-922-6046,"0,23"
4.580,Avery,Bailey,389-228-7481,"0,20"
3.922,Victoria,Smith,556-228-7481,"0,49"
9.864,Joseph,Perry,141-915-1427,"0,49"
9.719,Mia,Thomas,800-639-3964,"0,28"
5.637,Chloe,Miller,224-816-6593,"0,39"
7.784,Gabriel,Brown,725-849-2639,"0,36"
7.269,Elizabeth,Bailey,757-931-2873,"0,34"
6.705,Evelyn,Parker,563-304-8915,"0,46"
9.277,Oliver,Clark,398-618-4734,"0,18"
3.557,Lucas,Powell,542-721-1764,"0,38"
7.526,Michael,Miller,521-118-8555,"0,37"
7.436,Olivia,Morales,870-649-7677,"0,41"
8.170,Elizabeth,Griffin,361-899-1129,"0,14"
2.716,Sofia,Smith,847-119-7055,"0,20"
3.941,Harper,Taylor,466-951-4844,"0,41"
8.175,Elijah,Taylor,577-931-8142,"0,33"
6.531,Joseph,Perez,491-419-6205,"0,24"
4.820,Henry,Diaz,595-178-2151,"0,27"
5.308,David,Russell,665-984-9223,"0,35"
6.952,Isabella,Moore,730-828-9264,"0,42"
8.313,Gabriel,Simmons,825-219-2881,"0,39"
7.861,Evelyn,Jones,272-833-2881,"0,29"
5.834,Logan,Young,481-716-4306,"0,14"
2.824,James,Perez,515-976-4631,"0,47"
9.478,Noah,Lewis,298-111-7118,"0,64"
1.529,Andrew,Mitchell,617-761-3552,"0,39"
7.770,Samuel,Harris,677-146-7144,"0,11"
2.229,Emma,Simmons,613-834-3513,"0,25"
5.039,Ava,Brown,170-576-6081,"0,11"
2.263,Victoria,Smith,971-297-2895,"0,46"
9.232,Lucas,Perry,534-290-4258,"0,45"
8.922,Joseph,Mitchell,534-290-4259,"0,45"
9.088,Noah,Wilson,950-177-2278,"0,29"
5.872,David,Wallace,291-575-5549,"0,30"
6.011,Charlotte,Taylor,801-925-4301,"0,30"
6.075,Noah,Taylor,428-227-2000,"0,15"
2.960,Chloe,Walker,228-491-9301,"0,31"
6.107,Evelyn,Scott,956-348-5636,"0,17"
3.339,Aiden,Foster,691-432-2013,"0,40"
8.031,Grace,Brown,199-896-2460,"0,38"
7.665,Amelia,Simmons,308-316-5573,"0,22"
4.434,Mia,Reyes,327-269-5346,"0,25"
4.906,Liam,Parker,876-467-5966,"0,42"
8.418,Grace,Scott,453-677-9548,"0,49"
9.775,Harper,Diaz,270-974-7064,"0,34"
6.736,Charlotte,Martinez,385-739-7441,"0,24"
4.701,Noah,Bryant,681-493-6121,"0,44"
8.714,Avery,Foster,952-298-9230,"0,20"
3.915,Elizabeth,Bailey,829-311-5433,"0,22"
4.443,Alexander,Hernandez,328-624-8238,"0,55"
1.668,Henry,Johnson,467-337-1893,"0,24"
4.725,Isabella,Perez,661-771-5439,"0,36"
7.222,Noah,Perry,490-352-4550,"0,10"
2.068,Ava,Simmons,482-306-4040,"0,22"
4.403,Sophia,Young,880-162-5094,"0,31"
6.157,Madison,Perez,145-149-7975,"0,24"
4.850,Amelia,Morales,295-797-9589,"0,34"
6.727,Mia,Simmons,684-669-2421,"0,27"
5.387,Alexander,Walker,350-663-4887,"0,43"
8.553,Elizabeth,Smith,612-853-5655,"0,37"
7.319,James,Davis,563-572-9207,"0,14"
2.789,Olivia,Moore,487-484-9943,"0,10"
1.925,Charlotte,Hernandez,507-455-1404,"0,18"
3.644,Elizabeth,Russell,482-581-5956,"0,47"
9.360,Gabriel,Foster,916-308-9243,"0,29"
5.721,Amelia,Jones,896-586-5848,"0,38"
7.578,Joseph,Perez,740-728-6142,"0,42"
8.407,James,Clark,205-736-2901,"0,15"
3.081,Abigail,Parker,821-549-2496,"0,52"
1.225,Elijah,Foster,347-748-8821,"0,41"
8.246,Emma,Lewis,687-897-6731,"0,34"
6.741,Sophia,Davis,703-505-3487,"0,16"
3.184,Emma,Miller,422-807-4293,"0,12"
2.496,James,Garcia,652-160-5704,"0,35"
6.995,Aiden,Cox,466-952-7636,"0,30"
5.980,Gabriel,Taylor,295-797-9589,"0,12"
2.399,Benjamin,Thomas,113-514-8383,"0,44"
8.725,Sofia,Perry,487-486-2124,"0,19"
3.827,Victoria,Bailey,202-808-5024,"0,45"
9.061,Samuel,Johnson,691-170-6368,"0,34"
6.737,Oliver,Scott,142-497-5491,"0,18"
3.622,Emma,Scott,621-612-9801,"0,16"
3.104,Madison,Garcia,621-612-9802,"0,41"
8.123,Grace,Sanders,983-135-8335,"0,33"
6.513,Amelia,Taylor,474-143-8412,"0,33"
6.502,Sophia,Taylor,988-551-4762,"0,17"
3.444,Charlotte,Lewis,214-769-6963,"0,39"
7.848,James,Ramirez,529-706-8477,"0,12"
2.348,Sofia,Moore,632-391-4247,"0,21"
4.213,Aiden,Scott,275-672-7567,"0,48"
9.544,Avery,Harris,244-910-1753,"0,92"
1.539,Benjamin,Harris,279-401-9983,"0,18"
3.507,David,Griffin,661-844-2882,"0,35"
7.063,Noah,Moore,974-681-2254,"0,68"
1.432,David,Griffin,845-243-1712,"0,49"
9.808,Madison,Ramirez,328-675-1053,"0,16"
3.104,Amelia,Perez,326-418-8652,"0,73"
1.627,Mia,Wilson,122-868-7883,"0,31"
6.146,Elijah,Harris,104-943-1629,"0,48"
9.694,Madison,Walker,167-884-8438,"0,30"
5.947,Madison,Sanders,460-211-9985,"0,43"
8.693,Liam,Taylor,198-176-1235,"0,15"
2.922,Oliver,Griffin,908-189-1672,"0,69"
1.333,Olivia,Perez,447-371-5299,"0,21"
4.230,Henry,Perry,516-662-1771,"0,14"
2.776,Oliver,Powell,262-868-9099,"0,13"
2.511,Gabriel,Young,651-352-4500,"0,48"
9.518,Lucas,Sanders,691-706-6596,"0,46"
9.207,Matthew,Foster,901-487-8994,"0,23"
4.564,Noah,Powell,400-363-7396,"0,35"
6.956,Isabella,Russell,402-341-4726,"0,48"
9.554,Olivia,Powell,528-196-4282,"0,32"
6.464,Avery,Miller,139-148-5461,"0,43"
8.611,Abigail,Reyes,157-607-8452,"0,36"
7.263,Aiden,Perry,639-846-9763,"0,28"
5.501,Samuel,Brown,790-961-2595,"0,56"
1.472,Victoria,Griffin,692-876-3595,"0,28"
5.638,Aiden,Powell,502-755-5688,"0,38"
7.653,Ava,Brown,147-339-5643,"0,15"
3.026,Amelia,Watson,698-345-1442,"0,90"
1.379,Lucas,Griffin,531-870-7656,"0,45"
9.068,Emily,Moore,233-739-8159,"0,87"
1.131,Mason,Clark,915-976-4535,"0,34"
6.848,James,Smith,703-335-6894,"0,37"
7.440,Amelia,Scott,338-984-7360,"0,46"
9.111,Elizabeth,Foster,480-344-3726,"0,50"
9.970,Avery,Johnson,111-301-8326,"0,32"
6.334,Emma,Jones,111-301-8327,"0,41"
8.137,William,Hall,295-797-9589,"0,21"
4.299,Mia,Powell,907-153-9439,"0,46"
9.285,William,Moore,549-802-3514,"0,10"
1.901,Liam,Perry,519-351-9722,"0,36"
7.155,Liam,Johnson,312-900-7443,"0,47"
9.450,Charlotte,Brown,295-797-9589,"0,33"
6.583,Samuel,Griffin,352-623-1654,"0,26"
5.297,Isabella,Harris,734-972-6706,"0,40"
8.090,William,Martinez,548-491-2793,"0,33"
6.656,Amelia,Griffin,257-623-2970,"0,47"
9.390,Emma,Perez,567-617-8443,"0,18"
3.646,Olivia,Reyes,211-155-3226,"0,23"
4.680,Oliver,Taylor,807-885-2139,"0,35"
6.926,Alexander,Thomas,811-317-2413,"0,19"
3.791,Amelia,Perry,695-317-4911,"0,20"
4.069,Gabriel,Clark,534-333-3683,"0,49"
9.823,Sofia,Foster,125-722-2563,"0,41"
8.224,Isabella,Harris,100-260-7115,"0,14"
2.813,Oliver,Lewis,805-853-8982,"0,23"
4.629,Samuel,Sanders,169-437-3916,"0,47"
9.453,Aiden,Mitchell,565-294-5957,"0,45"
8.907,Lucas,Clark,974-786-5679,"0,31"
6.119,Noah,Simmons,598-978-7094,"0,33"
6.531,Ava,Martinez,853-716-9058,"0,28"
5.670,Noah,Young,956-541-4865,"0,12"
2.312,Mia,Martinez,987-264-5380,"0,24"
4.813,Mia,Scott,795-166-9313,"0,30"
6.057,Mason,Johnson,605-908-2291,"0,22"
4.434,Gabriel,Clark,939-141-1698,"0,44"
8.814,Victoria,Thomas,472-134-1769,"0,10"
2.056,Logan,Hernandez,472-134-1770,"0,46"
9.117,David,Watson,708-325-7052,"0,24"
4.854,Madison,Wallace,488-178-1325,"0,12"
2.407,Logan,Wallace,103-678-2163,"0,45"
8.945,Matthew,Jones,252-826-3158,"0,28"
5.648,Logan,Bailey,965-783-6424,"0,35"
7.085,Gabriel,Walker,544-952-7944,"0,20"
3.987,Olivia,Davis,640-296-3698,"0,45"
8.995,Emily,Scott,602-506-1565,"0,31"
6.218,Olivia,Wilson,569-826-9752,"0,30"
6.060,Elizabeth,Cox,844-888-8377,"0,26"
5.104,Harper,Mitchell,977-344-5311,"0,15"
2.935,David,Bryant,300-102-6085,"0,46"
9.175,Oliver,Perez,666-281-8737,"0,63"
1.060,Alexander,Diaz,702-611-5928,"0,18"
3.674,Alexander,Sanders,702-611-5929,"0,27"
5.302,Benjamin,Perez,429-268-3902,"0,48"
9.645,Alexander,Reyes,582-677-3085,"0,28"
5.622,Isabella,Brown,884-442-2258,"0,17"
3.374,Ava,Griffin,110-131-7460,"0,13"
2.684,Daniel,Foster,437-350-4129,"0,11"
2.142,Henry,Taylor,833-365-5666,"0,41"
8.279,William,Lewis,606-500-6114,"0,48"
1.372,Emma,Powell,463-743-1743,"0,11"
2.169,Sofia,Moore,586-573-4159,"0,09"
1.818,Emily,Simmons,944-803-6317,"0,11"
2.235,Evelyn,Young,367-641-1275,"0,95"
1.313,William,Bailey,445-228-2096,"0,28"
5.520,Elijah,Lewis,194-233-8037,"0,35"
7.019,Joseph,Simmons,499-730-5005,"0,15"
3.044,Amelia,Perez,387-964-5222,"0,32"
6.387,Abigail,Alexander,295-797-9589,"0,50"
9.933,Liam,Hernandez,828-386-9507,"0,16"
3.204,Mia,Garcia,983-487-3813,"0,25"
4.932,Isabella,Martinez,502-978-7737,"0,18"
3.562,Henry,Martinez,674-710-1046,"0,11"
2.108,Samuel,Lewis,367-859-7824,"0,25"
4.973,Gabriel,Alexander,550-974-3460,"0,40"
7.908,Joseph,Morales,904-398-4419,"0,39"
7.755,Ava,Parker,842-445-2611,"0,22"
4.443,David,Wilson,989-584-6713,"0,27"
5.373,Charlotte,Simmons,453-745-8726,"0,24"
4.748,Chloe,Alexander,898-698-4731,"0,40"
8.036,Henry,Clark,308-502-6715,"0,36"
7.277,David,Perez,673-606-9024,"0,33"
6.576,Harper,Moore,720-436-2249,"0,17"
3.427,Benjamin,Ramirez,863-248-2653,"0,19"
3.764,Samuel,Brown,690-845-5439,"0,16"
3.241,Andrew,Hall,493-631-7330,"0,89"
1.202,Avery,Martinez,894-999-3236,"0,28"
5.546,Chloe,Powell,342-568-4905,"0,27"
5.312,Gabriel,Wallace,754-700-4314,"0,27"
5.472,Ava,Simmons,495-468-8106,"0,12"
2.494,David,Brown,717-670-1575,"0,82"
1.426,Michael,Cox,731-653-8135,"0,14"
2.727,Grace,Watson,316-159-1389,"0,42"
8.445,Sophia,Mitchell,829-716-4434,"0,36"
7.294,Elizabeth,Reyes,884-536-5826,"0,45"
9.004,Victoria,Clark,223-164-7074,"0,09"
1.888,Abigail,Scott,295-797-9589,"0,18"
3.635,Ava,Jones,491-156-4077,"0,29"
5.830,Lucas,Wilson,206-329-7506,"0,66"
1.792,Isabella,Harris,116-646-4694,"0,29"
5.730,Madison,Sanders,418-855-8877,"0,22"
4.462,Ava,Alexander,772-735-5156,"0,43"
8.573,Emily,Lewis,899-620-5153,"0,12"
2.403,Noah,Ramirez,352-942-2100,"0,41"
8.268,Elizabeth,Mitchell,935-562-1403,"0,18"
3.698,Joseph,Perez,676-713-8027,"0,18"
3.670,Abigail,Davis,595-711-6564,"0,36"
7.172,Chloe,Ramirez,739-573-5539,"0,31"
6.232,Olivia,Morales,267-656-6323,"0,67"
1.110,Harper,Brown,819-307-8465,"0,46"
9.176,Madison,Wallace,860-542-8364,"0,43"
8.588,Matthew,Parker,579-100-3090,"0,09"
1.892,Lucas,Martinez,790-971-4857,"0,37"
7.437,Mason,Sanders,530-298-5541,"0,21"
4.170,Charlotte,Young,484-520-2909,"0,34"
6.885,Lucas,Cox,494-352-4925,"0,46"
9.117,Alexander,Johnson,821-191-1674,"0,25"
5.069,Victoria,Perry,201-294-5169,"0,23"
4.637,Gabriel,Moore,201-294-5170,"0,14"
2.747,Oliver,Alexander,201-294-5171,"0,18"
3.539,Noah,Miller,265-580-7279,"0,22"
4.469,Madison,Moore,762-917-3614,"0,85"
1.588,Emily,Bryant,213-412-2751,"0,10"
2.049,James,Thomas,943-877-7066,"0,29"
5.899,Grace,Scott,326-379-7109,"0,33"
6.592,Emma,Alexander,492-965-3390,"0,20"
3.919,Isabella,Smith,718-426-8318,"0,84"
1.508,Isabella,Powell,750-443-5553,"0,14"
2.766,Daniel,Moore,786-780-5766,"0,34"
6.805,Daniel,Reyes,607-906-8616,"0,22"
4.377,Lucas,Garcia,161-976-7306,"0,39"
7.822,Isabella,Harris,161-976-7307,"0,43"
8.508,Michael,Cox,652-852-1248,"0,45"
9.041,Harper,Bryant,532-887-3452,"0,44"
8.894,Madison,Harris,871-249-8177,"0,16"
3.187,Chloe,Ramirez,505-175-3559,"0,38"
7.687,Lucas,Young,118-495-1884,"0,22"
4.310,Charlotte,Taylor,295-797-9589,"0,37"
7.435,Samuel,Walker,103-605-4967,"0,22"
4.437,Daniel,Wallace,607-692-8948,"0,35"
7.077,William,Miller,403-786-8908,"0,15"
2.960,Mia,Smith,337-231-6164,"0,40"
8.094,Olivia,Brown,257-173-8854,"0,31"
6.179,Joseph,Morales,904-240-3703,"0,31"
6.199,Olivia,Perez,988-973-2576,"0,28"
5.678,Michael,Griffin,508-666-8594,"0,35"
6.919,Liam,Harris,675-689-5801,"0,28"
5.543,Emma,Hall,566-515-6906,"0,22"
4.452,Daniel,Brown,404-493-6759,"0,34"
6.835,Emily,Taylor,384-871-5619,"0,37"
7.391,Isabella,Bailey,474-968-5565,"0,35"
6.927,Matthew,Moore,244-703-2661,"0,44"
8.870,Matthew,Alexander,209-882-7213,"0,39"
7.727,Mason,Taylor,932-549-4027,"0,37"
7.342,James,Wilson,586-545-7320,"0,28"
5.597,Elizabeth,Davis,645-996-7861,"0,34"
6.731,Abigail,Simmons,876-817-3069,"0,24"
4.719,Aiden,Thomas,157-746-5801,"0,13"
2.625,Andrew,Griffin,832-971-3118,"0,44"
8.717,Benjamin,Morales,535-724-4043,"0,36"
7.116,Logan,Diaz,913-416-9892,"0,49"
9.817,Charlotte,Reyes,295-797-9589,"0,24"
4.778,Amelia,Bailey,382-173-4704,"0,43"
8.657,Lucas,Martinez,395-725-3125,"0,94"
1.243,Emma,Powell,578-743-3579,"0,24"
4.766,James,Brown,295-797-9589,"0,13"
2.655,Evelyn,Moore,295-797-9590,"0,18"
3.595,Michael,Clark,584-219-5699,"0,44"
8.880,Logan,Mitchell,475-584-4304,"0,20"
3.907,Samuel,Hall,756-720-9723,"0,14"
2.853,Gabriel,Hernandez,654-304-8266,"0,36"
7.142,Mia,Garcia,153-104-5108,"0,43"
8.639,Amelia,Watson,991-710-1772,"0,47"
9.481,Emma,Taylor,362-943-1750,"0,09"
1.806,Joseph,Perry,780-120-6492,"0,27"
5.335,Henry,Martinez,177-216-2465,"0,20"
4.073,Oliver,Jones,295-797-9589,"0,41"
8.201,Noah,Parker,817-238-5940,"0,68"
1.734,Liam,Taylor,532-277-8571,"0,34"
6.720,Amelia,Wallace,476-874-3885,"0,21"
4.160,Harper,Diaz,828-269-7462,"0,37"
7.337,James,Wilson,880-732-2948,"0,46"
9.264,Oliver,Russell,524-453-8664,"0,48"
9.639,Liam,Wallace,228-895-9636,"0,48"
9.651,Lucas,Watson,145-248-9858,"0,26"
5.204,Olivia,Garcia,105-315-3119,"0,35"
7.054,Sofia,Foster,577-628-3792,"0,30"
6.092,Abigail,Cox,371-107-2912,"0,23"
4.600,William,Perez,759-534-4271,"0,44"
8.737,Sofia,Perry,893-760-6172,"0,17"
3.418,Sophia,Young,697-857-9023,"0,67"
1.337,Sofia,Hernandez,651-664-3942,"0,39"
7.849,Mason,Hall,550-924-3371,"0,28"
5.549,Benjamin,Simmons,321-461-4553,"0,26"
5.287,Amelia,Sanders,639-190-6713,"0,28"
5.563,Andrew,Young,119-619-7538,"0,14"
2.877,Elizabeth,Griffin,370-681-3089,"0,38"
7.612,Olivia,Moore,272-247-6059,"0,29"
5.770,Michael,Alexander,295-797-9589,"0,44"
8.883,Madison,Russell,318-660-8207,"0,50"
9.972,Olivia,Simmons,318-660-8208,"0,45"
8.917,Sofia,Reyes,339-496-4274,"0,45"
9.077,Alexander,Jones,584-661-1380,"0,20"
4.028,Henry,Alexander,265-287-5248,"0,50"
9.980,Aiden,Walker,221-892-2236,"0,46"
9.293,Evelyn,Davis,441-194-1339,"0,48"
9.609,Harper,Watson,447-894-7241,"0,40"
8.081,Noah,Wallace,447-894-7242,"0,64"
1.560,Elijah,Young,925-765-1817,"0,26"
5.263,Olivia,Jones,840-515-1661,"0,33"
6.523,Charlotte,Perez,132-918-9734,"0,37"
7.317,Abigail,Hernandez,301-445-9155,"0,49"
9.760,Olivia,Mitchell,267-620-7136,"0,28"
5.518,Sophia,Scott,448-527-9200,"0,16"
3.231,Isabella,Ramirez,567-708-9532,"0,25"
4.940,Harper,Diaz,296-515-2652,"0,44"
8.764,Madison,Brown,296-515-2653,"0,93"
1.746,Victoria,Foster,258-961-1671,"0,17"
3.312,Madison,Wallace,921-853-2592,"0,19"
3.720,Daniel,Sanders,297-714-5477,"0,91"
1.796,Lucas,Garcia,917-855-2834,"0,10"
2.003,Sofia,Davis,150-426-6414,"0,29"
5.886,Aiden,Martinez,600-938-3050,"0,15"
3.034,Benjamin,Morales,114-826-8393,"0,16"
3.175,Gabriel,Wilson,295-797-9589,"0,29"
5.760,Benjamin,Moore,290-709-8940,"0,17"
3.308,Emily,Harris,286-650-9140,"0,63"
1.503,Alexander,Wallace,913-861-4249,"0,40"
8.066,Sophia,Mitchell,144-529-5174,"0,27"
5.341,Isabella,Thomas,336-331-2393,"0,34"
6.783,Charlotte,Russell,295-797-9589,"0,36"
7.178,David,Ramirez,295-797-9590,"0,55"
1.009,Victoria,Diaz,489-566-3682,"0,37"
7.483,Michael,Brown,489-566-3683,"0,12"
2.418,Emma,Ramirez,122-423-6814,"0,44"
8.827,Avery,Davis,561-926-6913,"0,25"
4.938,Sophia,Harris,302-368-9414,"0,10"
2.090,Elijah,Bryant,551-588-7815,"0,44"
8.752,Joseph,Simmons,728-855-6282,"0,92"
1.156,Isabella,Sanders,110-736-7849,"0,23"
4.577,Henry,Russell,445-282-8150,"0,91"
1.711,David,Perez,271-497-9284,"0,12"
2.478,William,Martinez,800-528-3434,"0,13"
2.516,Amelia,Diaz,975-796-4220,"0,19"
3.841,James,Jones,113-243-8173,"0,19"
3.883,Michael,Harris,104-458-6898,"0,22"
4.410,Liam,Alexander,104-458-6899,"0,24"
4.832,Ava,Bryant,283-841-1400,"0,21"
4.252,Grace,Jones,486-107-4333,"0,19"
3.840,Benjamin,Lewis,774-581-9884,"0,30"
5.903,Aiden,Simmons,334-484-9739,"0,37"
7.466,Liam,Simmons,555-773-5186,"0,26"
5.110,Alexander,Parker,385-534-9138,"0,21"
4.271,Lucas,Reyes,310-783-7788,"0,31"
6.176,Sophia,Griffin,550-845-5719,"0,16"
3.188,Olivia,Harris,704-670-7928,"0,33"
6.673,Harper,Scott,750-704-7054,"0,29"
5.882,Abigail,Russell,537-578-4145,"0,15"
2.904,Mason,Griffin,537-578-4146,"0,24"
4.733,Michael,Griffin,182-259-9170,"0,11"
2.173,Gabriel,Clark,337-584-3316,"0,28"
5.531,Chloe,Martinez,311-374-6492,"0,29"
5.732,Emma,Simmons,648-561-2338,"0,23"
4.664,Elijah,Bryant,286-318-1515,"0,12"
2.467,William,Perez,817-751-4193,"0,74"
1.755,Joseph,Jones,253-692-9740,"0,63"
1.640,James,Wilson,342-141-6349,"0,13"
2.657,Matthew,Garcia,855-892-3185,"0,44"
8.879,Samuel,Griffin,905-617-2807,"0,58"
1.399,Matthew,Clark,801-269-9275,"0,96"
1.671,Mason,Perry,474-402-9465,"0,20"
3.972,Daniel,Wallace,972-747-1706,"0,63"
1.028,James,Perry,295-797-9589,"0,33"
6.594,Chloe,Sanders,664-663-8432,"0,41"
8.242,Amelia,Diaz,916-866-6162,"0,24"
4.883,Abigail,Thomas,217-597-7511,"0,40"
8.086,Sophia,Morales,377-458-4048,"0,12"
2.351,Abigail,Hernandez,273-377-4503,"0,41"
8.144,Olivia,Garcia,285-551-6760,"0,10"
1.931,Noah,Miller,820-796-3952,"0,29"
5.772,Harper,Lewis,261-918-9504,"0,27"
5.329,Samuel,Griffin,115-290-1853,"0,24"
4.846,Elijah,Thomas,750-295-5936,"0,96"
1.668,Oliver,Miller,395-868-3329,"0,35"
7.052,Sofia,Perez,891-848-9363,"0,17"
3.382,Liam,Garcia,391-303-6241,"0,09"
1.804,Liam,Hall,271-263-2907,"0,32"
6.312,David,Smith,282-668-4719,"0,24"
4.768,Liam,Russell,682-420-9907,"0,41"
8.122,Logan,Martinez,683-120-9054,"0,23"
4.633,Oliver,Parker,903-627-2197,"0,77"
1.174,Avery,Harris,616-146-5026,"0,46"
9.149,David,Garcia,321-657-2310,"0,36"
7.102,Emma,Scott,788-289-3813,"0,28"
5.512,Ava,Hernandez,599-411-3324,"0,11"
2.148,Samuel,Foster,762-523-7886,"0,19"
3.876,Henry,Russell,842-513-9579,"0,28"
5.511,Noah,Cox,430-805-2176,"0,45"
8.915,Charlotte,Brown,523-378-4081,"0,14"
2.813,James,Scott,993-401-8057,"0,24"
4.788,Liam,Davis,880-161-9543,"0,40"
7.934,Charlotte,Walker,295-797-9589,"0,21"
4.139,Noah,Simmons,239-218-2771,"0,27"
5.457,Samuel,Taylor,596-430-9511,"0,41"
8.112,Elijah,Scott,178-133-3223,"0,12"
2.454,Sofia,Moore,676-793-4138,"0,22"
4.428,Emily,Wallace,566-358-3928,"0,20"
3.958,Andrew,Miller,558-724-7103,"0,13"
2.592,Benjamin,Harris,317-626-4125,"0,33"
6.563,Andrew,Davis,720-814-3408,"0,20"
4.078,Matthew,Moore,657-771-2281,"0,24"
4.712,Alexander,Brown,241-735-7738,"0,41"
8.157,Harper,Clark,473-849-7303,"0,49"
9.858,Gabriel,Foster,198-918-7840,"0,37"
7.334,Mason,Foster,881-904-7796,"0,96"
1.775,Abigail,Martinez,425-780-4009,"0,44"
8.793,Matthew,Ramirez,501-430-3549,"0,46"
9.177,Alexander,Reyes,710-105-4063,"0,28"
5.610,Chloe,Griffin,358-865-3790,"0,41"
8.246,Logan,Diaz,536-333-3325,"0,35"
7.080,Harper,Sanders,295-797-9589,"0,11"
2.185,Matthew,Sanders,204-719-6139,"0,20"
4.078,Alexander,Hall,516-842-5565,"0,39"
7.700,William,Powell,260-537-1747,"0,55"
1.635,Grace,Jones,646-572-4781,"0,42"
8.459,James,Harris,701-621-2123,"0,51"
1.561,Avery,Sanders,988-473-6845,"0,49"
9.799,James,Scott,408-669-2566,"0,50"
9.997,Logan,Harris,400-415-3706,"0,28"
5.547,Gabriel,Taylor,400-415-3707,"0,68"
1.256,Charlotte,Walker,663-430-2989,"0,23"
4.639,Noah,Perez,993-835-8384,"0,73"
1.542,Charlotte,Scott,302-858-8020,"0,23"
4.618,Aiden,Young,254-556-9636,"0,15"
3.010,David,Cox,826-940-3151,"0,72"
1.538,Samuel,Wallace,397-892-9578,"0,11"
2.188,Chloe,Bailey,354-911-3304,"0,58"
1.386,William,Lewis,865-593-8392,"0,30"
5.962,Sofia,Garcia,200-285-8597,"0,31"
6.177,Sophia,Parker,378-874-4231,"0,28"
5.524,Abigail,Bailey,706-604-8880,"0,46"
9.149,Elizabeth,Wallace,435-486-5974,"0,10"
1.901,Madison,Wilson,382-775-6647,"0,23"
4.586,Benjamin,Ramirez,275-855-9172,"0,17"
3.376,Samuel,Simmons,694-845-3267,"0,45"
8.999,Elizabeth,Walker,249-691-1815,"0,25"
4.920,Alexander,Young,398-689-2206,"0,46"
9.141,Andrew,Hall,199-506-7408,"0,10"
1.989,Mason,Cox,377-441-6219,"0,25"
5.089,William,Davis,999-509-2240,"0,27"
5.398,Oliver,Ramirez,660-223-4304,"0,19"
3.895,Mason,Moore,705-615-7995,"0,10"
2.061,Joseph,Powell,271-785-1064,"0,24"
4.711,Sophia,Johnson,608-508-6293,"0,33"
6.590,Emma,Garcia,531-816-3989,"0,30"
5.966,Amelia,Miller,536-691-1026,"0,45"
9.038,Chloe,Jones,966-759-3994,"0,24"
4.740,Benjamin,Perry,628-657-4937,"0,45"
9.042,Olivia,Smith,657-750-9656,"0,39"
7.769,Charlotte,Perry,295-797-9589,"0,30"
6.061,Elizabeth,Taylor,178-255-7692,"0,45"
9.014,Aiden,Thomas,858-939-1056,"0,69"
1.764,Matthew,Young,843-643-5328,"0,70"
1.489,Lucas,Scott,687-282-7026,"0,46"
9.161,Harper,Alexander,445-813-9084,"0,59"
1.361,Gabriel,Thomas,335-132-2598,"0,47"
9.493,Liam,Bryant,725-838-4009,"0,10"
2.087,Noah,Simmons,392-536-7991,"0,11"
2.129,Sofia,Lewis,561-336-3266,"0,16"
3.192,Abigail,Alexander,215-164-7618,"0,22"
4.353,Daniel,Cox,544-183-4499,"0,45"
8.972,Emma,Jones,230-857-5035,"0,19"
3.783,Victoria,Harris,534-848-1486,"0,25"
4.992,Victoria,Griffin,627-372-6783,"0,28"
5.628,Daniel,Simmons,436-267-5486,"0,36"
7.242,Grace,Reyes,473-419-1622,"0,47"
9.365,Mia,Brown,517-970-5784,"0,22"
4.341,Gabriel,Walker,969-733-8288,"0,48"
9.697,Joseph,Cox,322-396-4057,"0,31"
6.260,Madison,Diaz,513-795-1287,"0,19"
3.899,Isabella,Mitchell,215-678-4749,"0,44"
8.839,Lucas,Parker,584-449-2298,"0,12"
2.361,James,Lewis,546-358-1334,"0,11"
2.251,Emily,Cox,514-587-4889,"0,27"
5.391,Samuel,Bryant,160-627-9230,"0,21"
4.166,Abigail,Miller,753-335-6719,"0,11"
2.152,Olivia,Alexander,575-791-6689,"0,40"
7.969,Chloe,Young,842-862-4942,"0,36"
7.171,Mia,Garcia,663-789-9242,"0,46"
9.214,Emma,Martinez,642-912-6075,"0,64"
1.374,Madison,Clark,215-682-8477,"0,09"
1.850,Emma,Bailey,874-979-4529,"0,17"
3.379,Benjamin,Wilson,462-797-4786,"0,27"
5.422,Gabriel,Martinez,971-732-7662,"0,28"
5.550,Mia,Foster,571-288-6489,"0,12"
2.394,Noah,Mitchell,813-583-6267,"0,46"
9.185,Andrew,Perez,412-136-1915,"0,18"
3.641,Emma,Taylor,936-110-1604,"0,37"
7.439,Joseph,Moore,882-576-7581,"0,24"
4.797,Ava,Bailey,280-642-5281,"0,29"
5.856,Alexander,Simmons,752-583-4271,"0,10"
1.926,Ava,Russell,217-249-6854,"0,42"
8.407,Matthew,Wallace,966-440-8191,"0,45"
8.936,Andrew,Young,991-463-5638,"0,43"
8.577,Michael,Bailey,405-578-7367,"0,26"
5.117,Oliver,Reyes,758-451-4090,"0,44"
8.817,Sophia,Wallace,909-704-5449,"0,16"
3.207,Sofia,Walker,290-109-4250,"0,18"
3.673,Mason,Ramirez,500-627-6448,"0,26"
5.107,Elizabeth,Foster,589-252-4835,"0,37"
7.374,Noah,Ramirez,296-795-6898,"0,28"
5.613,Mia,Miller,944-815-7361,"0,51"
1.332,Sofia,Jones,400-243-6819,"0,16"
3.273,Mason,Brown,988-238-9896,"0,48"
9.595,Noah,Wallace,963-321-3921,"0,18"
3.631,Aiden,Morales,314-752-6883,"0,19"
3.789,Evelyn,Hall,707-863-6786,"0,19"
3.730,Sofia,Miller,707-863-6787,"0,16"
3.197,Sophia,Hernandez,356-528-6343,"0,15"
3.031,Samuel,Diaz,372-654-8376,"0,34"
6.704,Victoria,Mitchell,339-124-1783,"0,30"
5.962,Isabella,Harris,920-708-6290,"0,50"
9.905,Emma,Russell,749-124-9346,"0,18"
3.560,Elijah,Ramirez,303-919-8764,"0,27"
5.324,Avery,Clark,108-829-9524,"0,21"
4.124,Evelyn,Young,220-582-7890,"0,49"
9.809,Chloe,Wilson,486-960-6424,"0,92"
1.613,Benjamin,Scott,908-348-1234,"0,47"
9.430,Oliver,Clark,579-173-7485,"0,19"
3.820,Elijah,Harris,165-657-2199,"0,35"
6.995,Michael,Powell,788-680-2635,"0,19"
3.877,Matthew,Brown,906-799-6690,"0,39"
7.724,Ava,Cox,434-524-3377,"0,36"
7.223,Noah,Moore,848-512-3560,"0,16"
3.169,Harper,Clark,375-895-3327,"0,15"
2.970,Henry,Wilson,295-797-9589,"0,21"
4.231,James,Thomas,493-393-3980,"0,38"
7.545,Harper,Davis,116-227-3570,"0,31"
6.246,Oliver,Walker,440-296-6513,"0,14"
2.714,Mason,Powell,675-523-8253,"0,11"
2.169,Isabella,Hall,439-621-6638,"0,34"
6.800,Sofia,Young,785-142-1907,"0,34"
6.731,Charlotte,Brown,380-413-7488,"0,10"
1.945,Matthew,Sanders,288-131-3336,"0,88"
1.436,Victoria,Watson,919-954-1024,"0,22"
4.484,Victoria,Harris,758-335-9389,"0,13"
2.684,Amelia,Garcia,232-543-4932,"0,11"
2.128,Matthew,Powell,874-945-5450,"0,20"
3.971,Michael,Wilson,835-986-7705,"0,49"
9.805,Isabella,Bailey,979-670-6784,"0,15"
2.904,Henry,Perry,513-567-4769,"0,22"
4.482,Victoria,Simmons,842-183-3977,"0,40"
8.014,Elizabeth,Harris,914-949-6296,"0,17"
3.441,Andrew,Perry,751-683-7711,"0,56"
1.619,Andrew,Martinez,398-123-5842,"0,33"
6.644,Madison,Hernandez,204-488-9802,"0,14"
2.898,Michael,Hall,235-320-2224,"0,33"
6.532,James,Hernandez,295-797-9589,"0,34"
6.838,Oliver,Jones,558-638-6096,"0,17"
3.460,Oliver,Lewis,972-338-3158,"0,20"
3.996,Harper,Harris,321-512-2085,"0,36"
7.111,Emily,Clark,987-395-8655,"0,18"
3.682,Sofia,Griffin,295-797-9589,"0,23"
4.653,Oliver,Taylor,295-797-9590,"0,86"
1.394,Oliver,Scott,909-802-5393,"0,12"
2.443,Lucas,Moore,878-486-7979,"0,39"
7.806,Lucas,Clark,567-299-7013,"0,11"
2.241,Chloe,Johnson,496-196-8405,"0,15"
2.902,Aiden,Simmons,169-385-9874,"0,33"
6.672,Harper,Garcia,520-914-8888,"0,74"
1.667,Olivia,Parker,641-156-8337,"0,18"
3.615,Mason,Smith,411-437-8722,"0,73"
1.544,Emily,Walker,661-691-1274,"0,23"
4.529,Emily,Reyes,563-866-1233,"0,38"
7.528,Chloe,Mitchell,406-143-1943,"0,56"
1.352,Amelia,Hall,519-110-2218,"0,13"
2.562,Madison,Sanders,850-530-6412,"0,26"
5.292,Charlotte,Simmons,446-846-8016,"0,36"
7.257,Liam,Russell,823-171-9454,"0,37"
7.387,Elizabeth,Mitchell,922-304-8665,"0,29"
5.707,Oliver,Russell,438-925-5514,"0,97"
1.552,Isabella,Davis,531-651-9287,"0,28"
5.546,Grace,Davis,278-832-4901,"0,55"
1.707,Isabella,Brown,359-570-9325,"0,27"
5.341,Gabriel,Clark,727-477-1322,"0,13"
2.588,Ava,Russell,681-285-1089,"0,63"
1.774,Olivia,Bailey,644-440-6177,"0,27"
5.362,Evelyn,Miller,385-111-2710,"0,28"
5.689,Sofia,Miller,837-755-2731,"0,37"
7.373,Madison,Garcia,146-272-9707,"0,23"
4.620,Matthew,Walker,968-976-7098,"0,44"
8.715,Grace,Sanders,999-481-2403,"0,37"
7.470,Andrew,Hall,830-167-6529,"0,72"
1.277,Andrew,Johnson,932-339-4640,"0,26"
5.235,Victoria,Simmons,958-771-2559,"0,50"
9.972,Evelyn,Wilson,197-246-9888,"0,73"
1.057,Joseph,Moore,560-419-2772,"0,34"
6.858,Mia,Thomas,431-373-8210,"0,27"
5.436,James,Wallace,295-797-9589,"0,35"
6.957,James,Bailey,193-151-8232,"0,31"
6.100,Mia,Parker,405-891-1540,"0,43"
8.572,Isabella,Bailey,735-303-4422,"0,33"
6.523,Emma,Cox,518-888-8376,"0,47"
9.405,Victoria,Johnson,556-451-7665,"0,16"
3.101,Avery,Perry,271-617-4822,"0,33"
6.679,Michael,Cox,408-775-1549,"0,26"
5.101,Matthew,Harris,913-746-4640,"0,37"
7.333,Logan,Foster,708-257-7999,"0,25"
4.962,Emily,Harris,539-560-2582,"0,36"
7.277,Abigail,Johnson,586-855-8675,"0,37"
7.391,Andrew,Thomas,359-286-9947,"0,34"
6.827,Harper,Garcia,208-872-4646,"0,45"
9.074,Oliver,Walker,900-699-7541,"0,88"
1.096,William,Powell,452-703-8516,"0,23"
4.646,Sophia,Moore,611-640-8407,"0,38"
7.646,Gabriel,Cox,987-994-7462,"0,12"
2.313,Liam,Powell,366-225-5220,"0,47"
9.339,Lucas,Clark,585-802-9977,"0,10"
1.957,David,Smith,862-505-8867,"0,21"
4.228,Victoria,Mitchell,589-979-3663,"0,35"
6.969,James,Harris,671-877-6637,"0,15"
3.081,Chloe,Walker,916-370-3473,"0,11"
2.140,Gabriel,Parker,823-137-3939,"0,22"
4.494,Isabella,Thomas,608-224-8768,"0,34"
6.882,Samuel,Miller,224-286-5218,"0,80"
1.494,James,Young,150-933-2156,"0,70"
1.085,Grace,Hall,992-502-4172,"0,13"
2.598,Charlotte,Bryant,102-596-2296,"0,45"
8.949,David,Martinez,295-797-9589,"0,23"
4.538,Michael,Mitchell,565-542-6443,"0,45"
8.901,William,Parker,802-235-4565,"0,37"
7.311,Noah,Powell,572-302-1051,"0,20"
3.962,Evelyn,Bryant,928-457-2226,"0,27"
5.459,Grace,Bryant,457-490-7491,"0,41"
8.295,Matthew,Griffin,663-931-2264,"0,26"
5.223,Emma,Morales,954-763-4176,"0,80"
1.795,Logan,Griffin,304-570-8516,"0,15"
3.021,Madison,Jones,982-595-7860,"0,10"
1.954,Ava,Taylor,739-948-8602,"0,42"
8.341,Logan,Alexander,678-932-3265,"0,43"
8.580,Samuel,Mitchell,295-797-9589,"0,70"
1.306,Harper,Johnson,280-387-1141,"0,56"
1.060,Elijah,Wallace,587-646-3936,"0,19"
3.790,Grace,Bailey,587-646-3937,"0,40"
8.079,Emily,Alexander,587-646-3938,"0,37"
7.300,Amelia,Reyes,814-836-9578,"0,10"
1.915,Amelia,Morales,241-266-2535,"0,37"
7.350,David,Diaz,684-712-3080,"0,44"
8.727,Emily,Powell,389-586-3375,"0,10"
1.970,Noah,Taylor,848-866-5739,"0,39"
7.787,Charlotte,Hernandez,676-217-9603,"0,44"
8.896,Mia,Perry,721-579-6463,"0,32"
6.476,Lucas,Griffin,858-661-5310,"0,14"
2.734,Gabriel,Reyes,778-379-6632,"0,41"
8.165,Emily,Bailey,610-925-3790,"0,26"
5.117,Harper,Bryant,825-418-1579,"0,47"
9.348,Michael,Clark,141-474-4162,"0,29"
5.878,Evelyn,Wallace,289-788-5156,"0,14"
2.710,Grace,Clark,804-646-9504,"0,19"
3.703,Samuel,Wilson,281-116-4961,"0,35"
7.020,Logan,Reyes,489-218-9695,"0,43"
8.563,Ava,Perez,516-143-1126,"0,47"
9.342,Madison,Hernandez,199-473-1023,"0,25"
4.990,Sofia,Walker,985-617-5008,"0,41"
8.277,Victoria,Russell,561-170-1099,"0,16"
3.200,James,Cox,442-280-6989,"0,29"
5.742,Liam,Moore,271-290-9988,"0,36"
7.181,Madison,Jones,279-598-3491,"0,13"
2.644,Logan,Martinez,644-528-4601,"0,19"
3.840,Victoria,Smith,217-302-7904,"0,44"
8.884,Emma,Wallace,909-369-8054,"0,12"
2.300,Avery,Parker,417-373-9114,"0,42"
8.320,Elijah,Bryant,255-400-9338,"0,49"
9.850,Liam,Watson,608-595-7921,"0,18"
3.525,Abigail,Young,582-780-2538,"0,21"
4.247,Mason,Diaz,828-242-5943,"0,47"
9.374,Evelyn,Powell,618-473-4604,"0,11"
2.143,Samuel,Alexander,269-364-1501,"0,44"
8.888,Matthew,Moore,205-684-7484,"0,40"
7.966,Chloe,Hall,205-684-7485,"0,91"
1.718,Ava,Garcia,656-826-6289,"0,92"
1.777,Avery,Wilson,869-870-3357,"0,27"
5.415,Matthew,Morales,546-926-2610,"0,21"
4.191,Elizabeth,Clark,621-873-5980,"0,37"
7.494,Elijah,Russell,242-998-1577,"0,33"
6.584,Matthew,Young,485-426-8830,"0,17"
3.392,Gabriel,Johnson,568-709-9633,"0,44"
8.786,Oliver,Wallace,512-676-1295,"0,56"
1.098,Andrew,Russell,155-939-5114,"0,43"
8.533,Madison,Powell,525-419-1236,"0,43"
8.559,Abigail,Moore,532-203-3723,"0,49"
9.701,Andrew,Davis,660-802-9108,"0,13"
2.674,Grace,Clark,569-102-6404,"0,49"
9.704,Elizabeth,Garcia,288-502-3442,"0,54"
1.058,Charlotte,Sanders,200-521-4659,"0,38"
7.618,Matthew,Alexander,936-790-5273,"0,28"
5.595,Benjamin,Alexander,201-929-1766,"0,41"
8.230,Olivia,Reyes,385-707-6621,"0,23"
4.690,Daniel,Parker,814-209-6569,"0,11"
2.242,Andrew,Parker,814-209-6570,"0,38"
7.593,Ava,Wallace,569-689-8232,"0,36"
7.161,James,Young,457-160-5359,"0,43"
8.579,Daniel,Young,295-797-9589,"0,42"
8.345,Elizabeth,Perez,357-376-7517,"0,30"
6.021,Charlotte,Griffin,349-947-8446,"0,86"
1.661,Elizabeth,Taylor,961-501-6917,"0,45"
8.996,Abigail,Thomas,996-973-6359,"0,15"
3.074,Sofia,Alexander,515-143-9157,"0,11"
2.227,Emma,Young,130-524-1629,"0,38"
7.570,Elijah,Scott,742-473-1737,"0,47"
9.382,Victoria,Hall,777-352-1978,"0,64"
1.102,Mason,Scott,826-725-6525,"0,44"
8.718,Sophia,Ramirez,130-846-7456,"0,13"
2.563,Joseph,Clark,184-749-6431,"0,64"
1.645,Olivia,Griffin,438-103-2413,"0,16"
3.182,Henry,Brown,896-554-3655,"0,33"
6.677,Mia,Lewis,339-907-9183,"0,26"
5.105,Logan,Parker,359-254-8803,"0,37"
7.360,Mason,Simmons,148-650-4021,"0,13"
2.662,Samuel,Wilson,719-470-2445,"0,40"
7.956,Harper,Moore,222-787-4614,"0,31"
6.186,Aiden,Bryant,384-750-9016,"0,50"
9.915,Isabella,Simmons,992-675-8526,"0,20"
4.067,Mason,Walker,239-666-1731,"0,56"
1.694,Gabriel,Parker,686-664-9996,"0,37"
7.354,Daniel,Sanders,962-671-5076,"0,31"
6.216,Avery,Brown,542-490-4527,"0,28"
5.516,Emily,Simmons,920-748-5181,"0,12"
2.478,Matthew,Diaz,920-748-5182,"0,19"
3.873,Logan,Griffin,543-698-9682,"0,12"
2.469,Aiden,Moore,131-876-9040,"0,19"
3.768,Lucas,Thomas,314-123-1965,"0,49"
9.899,Amelia,Sanders,567-434-6836,"0,13"
2.693,Michael,Bailey,916-845-5328,"0,43"
8.535,Daniel,Brown,584-518-5858,"0,49"
9.811,Henry,Martinez,469-617-3829,"0,31"
6.145,Elijah,Brown,837-657-5517,"0,36"
7.276,Evelyn,Thomas,631-492-3395,"0,41"
8.185,Sophia,Mitchell,875-119-7760,"0,46"
9.125,Oliver,Hernandez,839-808-5495,"0,36"
7.172,Lucas,Hall,504-949-8262,"0,18"
3.526,Olivia,Lewis,628-797-8479,"0,27"
5.335,James,Young,621-554-6984,"0,49"
9.733,Victoria,Scott,114-356-8968,"0,17"
3.443,Noah,Martinez,228-624-5932,"0,58"
1.797,Mason,Taylor,822-919-9781,"0,20"
3.963,Avery,Martinez,611-340-8376,"0,31"
6.222,Joseph,Smith,887-414-1103,"0,17"
3.498,Daniel,Reyes,568-185-2840,"0,21"
4.192,Sofia,Russell,376-654-6511,"0,50"
9.998,Sophia,Miller,454-734-8947,"0,27"
5.446,William,Sanders,750-271-3272,"0,15"
2.961,Joseph,Walker,244-565-6401,"0,23"
4.656,David,Sanders,327-277-8184,"0,13"
2.590,Michael,Ramirez,938-849-3309,"0,10"
1.970,Elijah,Griffin,250-972-3536,"0,48"
9.635,Michael,Harris,223-723-5706,"0,63"
1.035,Oliver,Moore,206-934-4845,"0,27"
5.352,Sofia,Johnson,381-699-1800,"0,26"
5.188,Ava,Bailey,529-640-8353,"0,36"
7.255,Evelyn,Watson,530-369-4387,"0,17"
3.416,Ava,Smith,781-910-7379,"0,32"
6.305,Elizabeth,Scott,619-957-6401,"0,45"
9.095,Samuel,Moore,764-163-4797,"0,27"
5.351,Grace,Bailey,529-735-5867,"0,12"
2.416,Logan,Smith,868-774-8952,"0,16"
3.252,Samuel,Martinez,898-939-1332,"0,29"
5.823,Samuel,Smith,567-545-3957,"0,48"
9.588,Samuel,Lewis,567-545-3958,"0,45"
9.048,Grace,Perez,142-440-8559,"0,36"
7.241,Victoria,Smith,171-778-4008,"0,40"
8.078,Evelyn,Johnson,593-657-5073,"0,78"
1.227,Victoria,Bailey,396-644-9773,"0,49"
9.702,Madison,Perry,648-685-6442,"0,77"
1.013,Noah,Sanders,441-370-3381,"0,48"
9.600,Noah,Johnson,657-832-1876,"0,21"
4.144,Abigail,Brown,732-923-7842,"0,14"
2.726,Noah,Clark,732-923-7843,"0,46"
9.252,Liam,Mitchell,432-968-8958,"0,25"
5.042,Sofia,Morales,766-353-6236,"0,78"
1.095,Matthew,Cox,719-797-4781,"0,44"
8.704,Isabella,Perry,769-253-6874,"0,20"
4.048,Gabriel,Walker,473-947-1889,"0,86"
1.105,Lucas,Reyes,372-365-2384,"0,23"
4.502,Emma,Mitchell,333-212-6859,"0,46"
9.163,Benjamin,Brown,755-578-9716,"0,17"
3.489,Gabriel,Simmons,227-715-8259,"0,19"
3.852,Abigail,Lewis,965-887-5782,"0,25"
5.014,Matthew,Morales,483-151-3839,"0,82"
1.676,Michael,Perez,626-279-7659,"0,50"
9.923,Amelia,Brown,992-335-1672,"0,46"
9.191,David,Bailey,567-829-7393,"0,39"
7.845,Henry,Brown,486-718-2013,"0,49"
9.899,Noah,Clark,701-446-2689,"0,21"
4.290,Avery,Johnson,730-849-4944,"0,40"
7.977,Mia,Garcia,209-496-1668,"0,41"
8.174,Lucas,Martinez,871-135-6328,"0,39"
7.732,Isabella,Alexander,295-797-9589,"0,25"
4.984,Joseph,Perry,102-200-5636,"0,73"
1.441,Abigail,Taylor,632-842-9409,"0,15"
3.028,Daniel,Powell,849-595-8471,"0,76"
1.308,Benjamin,Cox,906-558-9673,"0,36"
7.258,Olivia,Garcia,312-791-7861,"0,48"
9.511,Chloe,Young,837-286-3477,"0,78"
1.251,James,Garcia,333-691-7567,"0,12"
2.317,Ava,Scott,130-834-4557,"0,45"
8.963,Gabriel,Morales,417-798-2749,"0,28"
5.699,Henry,Sanders,828-361-1158,"0,40"
7.900,Chloe,Mitchell,294-398-9506,"0,15"
3.058,Logan,Foster,628-645-9875,"0,10"
1.996,Alexander,Wallace,156-836-2253,"0,30"
6.079,James,Hall,316-354-4758,"0,47"
9.335,Michael,Lewis,373-659-5107,"0,31"
6.146,Elizabeth,Wallace,598-194-1684,"0,45"
9.053,Sofia,Morales,891-961-6333,"0,33"
6.658,Isabella,Wallace,444-297-5813,"0,42"
8.443,Mason,Young,374-147-2557,"0,46"
9.175,Sofia,Hernandez,928-919-3757,"0,47"
9.422,Harper,Morales,920-941-5641,"0,12"
2.465,Michael,Thomas,122-792-9024,"0,20"
3.991,Michael,Cox,570-161-7546,"0,46"
9.282,Emma,Walker,558-173-8475,"0,32"
6.342,Michael,Hernandez,267-240-8135,"0,41"
8.240,Chloe,Mitchell,995-742-7838,"0,15"
3.074,Elijah,Parker,891-495-2824,"0,18"
3.539,Chloe,Watson,165-476-5554,"0,21"
4.193,William,Smith,280-999-6544,"0,24"
4.752,Chloe,Griffin,280-371-5476,"0,30"
5.960,Joseph,Wallace,523-191-2988,"0,15"
3.052,William,Davis,228-397-5363,"0,81"
1.545,Olivia,Sanders,567-200-3705,"0,43"
8.619,Noah,Taylor,852-329-9404,"0,15"
2.953,Sofia,Taylor,846-639-8191,"0,25"
4.977,David,Brown,314-579-4012,"0,41"
8.185,Benjamin,Hall,663-654-1649,"0,29"
5.811,Alexander,Martinez,589-652-5229,"0,40"
7.907,Olivia,Hernandez,505-267-7135,"0,29"
5.899,Grace,Miller,467-950-9021,"0,25"
5.034,Gabriel,Walker,305-790-4010,"0,83"
1.275,Avery,Alexander,653-266-8579,"0,41"
8.100,Noah,Davis,150-578-3431,"0,20"
3.974,Gabriel,Moore,588-967-4603,"0,50"
9.921,Elizabeth,Thomas,485-863-3890,"0,38"
7.673,Michael,Bailey,134-370-5941,"0,44"
8.712,Abigail,Watson,882-910-3390,"0,26"
5.298,Mia,Parker,727-766-8238,"0,86"
1.671,Benjamin,Bailey,259-653-4040,"0,30"
5.907,Lucas,Jones,220-958-5476,"0,16"
3.180,Oliver,Thomas,295-797-9589,"0,22"
4.330,Grace,Morales,211-757-5145,"0,49"
9.862,Charlotte,Walker,220-962-9874,"0,40"
8.033,Harper,Diaz,766-545-3536,"0,31"
6.156,Joseph,Scott,885-873-5214,"0,43"
8.636,Andrew,Simmons,282-590-7579,"0,49"
9.848,Andrew,Griffin,371-901-3402,"0,85"
1.648,Daniel,Parker,721-853-5670,"0,36"
7.201,Emma,Perez,189-358-7705,"0,26"
5.206,Grace,Garcia,700-406-4506,"0,11"
2.286,Daniel,Russell,496-492-5677,"0,49"
9.857,Andrew,Wilson,884-553-7838,"0,47"
9.336,Evelyn,Simmons,717-309-2652,"0,39"
7.803,Lucas,Powell,622-155-9843,"0,65"
1.316,Harper,Foster,221-329-1244,"0,84"
1.225,Samuel,Taylor,221-329-1245,"0,20"
4.082,Sophia,Perez,176-327-9853,"0,37"
7.458,Elijah,Garcia,312-451-4653,"0,35"
6.969,Olivia,Russell,587-317-5320,"0,15"
2.928,James,Mitchell,161-226-2709,"0,28"
5.548,Andrew,Foster,339-267-9965,"0,31"
6.234,Gabriel,Smith,672-711-4422,"0,30"
5.925,Samuel,Hall,997-543-1584,"0,15"
3.063,David,Simmons,932-172-8135,"0,36"
7.289,Henry,Thomas,770-560-6636,"0,45"
9.053,Alexander,Johnson,235-736-2163,"0,47"
9.366,Noah,Johnson,321-770-4147,"0,38"
7.684,Benjamin,Perez,720-734-7474,"0,42"
8.445,Harper,Reyes,632-985-8680,"0,11"
2.109,Isabella,Harris,435-377-5608,"0,40"
8.092,Amelia,Alexander,295-797-9589,"0,39"
7.733,Daniel,Foster,389-432-4794,"0,38"
7.654,Victoria,Bailey,335-161-7794,"0,65"
1.666,Chloe,Miller,345-752-2564,"0,24"
4.855,David,Perry,344-952-1627,"0,33"
6.531,Elizabeth,Griffin,437-967-5675,"0,15"
3.091,Evelyn,Perez,295-797-9589,"0,18"
3.593,Evelyn,Sanders,455-618-3127,"0,33"
6.556,Victoria,Simmons,932-656-5509,"0,42"
8.396,Victoria,Wilson,297-797-9589,"0,32"
6.403,James,Harris,202-854-9218,"0,21"
4.252,Isabella,Clark,473-462-4242,"0,44"
8.738,Madison,Bailey,100-151-2615,"0,27"
5.478,Matthew,Jones,301-802-8387,"0,39"
7.785,Liam,Harris,778-262-5262,"0,30"
6.009,Logan,Walker,185-462-3794,"0,43"
8.592,Elijah,Powell,630-323-7967,"0,44"
8.840,Sophia,Hernandez,117-872-6156,"0,18"
3.572,Mia,Sanders,144-507-7309,"0,63"
1.609,Madison,Clark,569-507-7309,"0,35"
7.005,Sophia,Moore,483-858-9604,"0,19"
3.896,Daniel,Brown,256-204-1446,"0,40"
7.974,Victoria,Perry,498-198-5595,"0,42"
8.344,Samuel,Taylor,519-851-1708,"0,26"
5.143,Harper,Diaz,287-109-4989,"0,18"
3.564,Victoria,Bailey,365-264-4404,"0,73"
1.142,Sophia,Russell,813-431-9778,"0,88"
1.069,Sophia,Jones,339-886-2967,"0,35"
7.099,David,Harris,809-428-6034,"0,34"
6.743,Henry,Reyes,999-363-7716,"0,18"
3.513,Olivia,Sanders,111-363-7716,"0,22"
4.307,Emma,Cox,748-415-4613,"0,45"
9.062,Henry,Brown,412-368-2550,"0,55"